{
    "id": 1,
    "title": "Modern and quirky flat", 
    "desc": "Lorem ipsum dolor sit amet consectetur adipisicing elit. Praesentium magnam veniam sit reprehenderit deserunt ad voluptates id aperiam veritatis! Nobis saepe quos eveniet numquam vitae quis, tenetur consectetur impedit dolore.",
    "propertyType": "Apartment",
    "propertyStatus": ["For Sale"],
    "city": "New York",
    "zipCode": "10033",
    "neighborhood": ["Astoria", "Midtown"],
    "street": ["Astoria Street #1", "Midtown Street #2"],
    "location" : {
        "lat": 40.849150,
        "lng": -73.935100
    },
    "formattedAddress" : "611 W 180th St, New York, NY 10033, USA",
    "features": ["Air Conditioning", "Barbeque", "Dryer", "Microwave", "Refrigerator", "Fireplace", "Swimming Pool", "TV Cable", "WiFi"],
    "featured": true, 
    "priceDollar": {
        "sale": 1300000,
        "rent": null
    },
    "priceEuro": {
        "sale": 1160000,
        "rent": null
    },
    "bedrooms": 2,
    "bathrooms": 2,
    "garages": 1,
    "area": {
        "value": 2380,
        "unit": "ft²"
    },
    "yearBuilt": 2007,
    "ratingsCount": 3,
    "ratingsValue": 280,
    "additionalFeatures": [                
        {
            "name": "Heat",
            "value": "Natural Gas"
        },
        {
            "name": "Roof",
            "value": "Composition/Shingle"
        },
        {
            "name": "Floors",
            "value": "Wall-to-Wall Carpet"
        },
        {
            "name": "Water",
            "value": "District/Public"
        },
        {
            "name": "Cross Streets",
            "value": "Orangethorpe-Gilbert"
        },
        {
            "name": "Windows",
            "value": "Skylights"
        },
        {
            "name": "Flat",
            "value": "5"
        },
        {
            "name": "Childroom",
            "value": "2"
        }
    ],
    "gallery": [         
        {
            "small": "assets/images/props/flat-1/1-small.jpg",
            "medium": "assets/images/props/flat-1/1-medium.jpg",
            "big": "assets/images/props/flat-1/1-big.jpg"
        },
        {
            "small": "assets/images/props/flat-1/2-small.jpg",
            "medium": "assets/images/props/flat-1/2-medium.jpg",
            "big": "assets/images/props/flat-1/2-big.jpg"
        },
        {
            "small": "assets/images/props/flat-1/3-small.jpg",
            "medium": "assets/images/props/flat-1/3-medium.jpg",
            "big": "assets/images/props/flat-1/3-big.jpg"
        },
        {
            "small": "assets/images/props/flat-1/4-small.jpg",
            "medium": "assets/images/props/flat-1/4-medium.jpg",
            "big": "assets/images/props/flat-1/4-big.jpg"
        }
    ],
    "plans": [
        {
            "name": "First floor",
            "desc": "Plan description. Lorem ipsum dolor sit amet consectetur adipisicing elit. Praesentium magnam veniam sit reprehenderit deserunt ad voluptates id aperiam veritatis! Nobis saepe quos eveniet numquam vitae quis, tenetur consectetur impedit dolore.",
            "area": {
                "value": 1180,
                "unit": "ft²"
            },
            "rooms": 3,
            "baths": 1,
            "image": "assets/images/others/plan-1.jpg"
        },
        {
            "name": "Second floor",
            "desc": "Plan description. Lorem ipsum dolor sit amet consectetur adipisicing elit. Praesentium magnam veniam sit reprehenderit deserunt ad voluptates id aperiam veritatis! Nobis saepe quos eveniet numquam vitae quis, tenetur consectetur impedit dolore.",
            "area": {
                "value": 1200,
                "unit": "ft²"
            },
            "rooms": 5,
            "baths": 2,
            "image": "assets/images/others/plan-2.jpg"
        }
    ],
    "videos": [
        {
            "name": "Video with 'mat-video' plugin",
            "link": "https://homevoxx.com/data/videos/video-1.mp4"
        },
        {
            "name": "Video with 'ngx-embed-video' plugin",
            "link": "https://www.youtube.com/watch?v=-NInBEdSvp8"
        }
    ],
    "published": "2012-08-12 17:17:30",
    "lastUpdate": "2019-05-20 14:20:00",
    "views": 322
}