[
    { 
        "title": "Modern and quirky flat", 
        "location": "611 W 180th St, New York, NY 10033, USA",         
        "priceDollar": {
            "sale": 1300000,
            "rent": null
        },
        "priceEuro": {
            "sale": 1160000,
            "rent": null
        },
        "image": "assets/images/props/flat-1/1-big.jpg" 
    },
    { 
        "title": "Comfortable family house", 
        "location": "3rd Ave & James St, Seattle, WA 98104, USA", 
        "priceDollar": {
            "sale": 2550000,
            "rent": null
        },
        "priceEuro": {
            "sale": 2280000,
            "rent": null
        },  
        "image": "assets/images/props/house-1/5-big.jpg"
    },
    { 
        "title": "Luxury office space", 
        "location": "230 W 55th St, New York, NY 10019, USA",
        "priceDollar": {
            "sale": 2500000,
            "rent": null
        },
        "priceEuro": {
            "sale": 2200000,
            "rent": null
        },
        "image": "assets/images/props/office-2/6-big.jpg"
    },
    { 
        "title": "Centrally located apartment", 
        "location": "1627 Vine St, Los Angeles, CA 90028, USA", 
        "priceDollar": {
            "sale": null,
            "rent": 5600
        },
        "priceEuro": {
            "sale": null,
            "rent": 5000
        }, 
        "image": "assets/images/props/apartment/1-big.jpg"
    } 
]